Workbook

Sheet Datefunc
A1: Which rows have April as their month and 'Numbers' at least 10?
A2: Which rows have April as their month or 'Numbers' at least 10? | H2: Extracting in different ways using TEXT
A3: Date | B3: Numbers | C3: Year | D3: Month | E3: Date | F3: OR | G3: AND | H3: Birth Year | I3: Year (Short) | J3: Month (short) | K3: Zero Padded Month | L3: Month Name (short) | M3: Month Name (full) | N3: Date | O3: Zero Padded Date | P3: Day (Short) | Q3: Day (Full) | R3: Numbers in 2 digits | S3: Numbers in 3 digits
A4: 38036 | B4: 33 | C4: =YEAR(A4) -> 2004 | D4: =MONTH(A4) -> 2 | E4: =DAY(A4) -> 19 | F4: =OR(D4=4, B4>=10) -> TRUE | G4: =AND(D4=4, B4>=10) -> FALSE | H4: =TEXT(A4, "yyyy") -> 2004 | I4: =TEXT(A4, "yy") -> 04 | J4: =TEXT(A4, "m") -> 2 | K4: =TEXT(A4, "mm") -> 02 | L4: =TEXT(A4, "mmm") -> Feb | M4: =TEXT(A4, "mmmm") -> February | N4: =TEXT($A4, "d") -> 19 | O4: =TEXT($A4, "dd") -> 19 | P4: =TEXT($A4, "ddd") -> Thu | Q4: =TEXT($A4, "dddd") -> Thursday | R4: =TEXT(B4, "00") -> 33 | S4: =TEXT(B4, "000") -> 033
A5: 39091 | B5: 9 | C5: =YEAR(A5) -> 2007 | D5: =MONTH(A5) -> 1 | E5: =DAY(A5) -> 9 | F5: =OR(D5=4, B5>=10) -> FALSE | G5: =AND(D5=4, B5>=10) -> FALSE | H5: =TEXT(A5, "yyyy") -> 2007 | I5: =TEXT(A5, "y") -> 07 | J5: =TEXT(A5, "m") -> 1 | K5: =TEXT(A5, "mm") -> 01 | L5: =TEXT(A5, "mmm") -> Jan | M5: =TEXT(A5, "mmmm") -> January | N5: =TEXT($A5, "d") -> 9 | O5: =TEXT($A5, "dd") -> 09 | P5: =TEXT($A5, "ddd") -> Tue | Q5: =TEXT($A5, "dddd") -> Tuesday | R5: =TEXT(B5, "00") -> 09 | S5: =TEXT(B5, "000") -> 009
A6: 39558 | B6: 5 | C6: =YEAR(A6) -> 2008 | D6: =MONTH(A6) -> 4 | E6: =DAY(A6) -> 20 | F6: =OR(D6=4, B6>=10) -> TRUE | G6: =AND(D6=4, B6>=10) -> FALSE | H6: =TEXT(A6, "yyyy") -> 2008 | I6: =TEXT(A6, "y") -> 08 | J6: =TEXT(A6, "m") -> 4 | K6: =TEXT(A6, "mm") -> 04 | L6: =TEXT(A6, "mmm") -> Apr | M6: =TEXT(A6, "mmmm") -> April | N6: =TEXT($A6, "d") -> 20 | O6: =TEXT($A6, "dd") -> 20 | P6: =TEXT($A6, "ddd") -> Sun | Q6: =TEXT($A6, "dddd") -> Sunday | R6: =TEXT(B6, "00") -> 05 | S6: =TEXT(B6, "000") -> 005
A7: 40288 | B7: 5 | C7: =YEAR(A7) -> 2010 | D7: =MONTH(A7) -> 4 | E7: =DAY(A7) -> 20 | F7: =OR(D7=4, B7>=10) -> TRUE | G7: =AND(D7=4, B7>=10) -> FALSE | H7: =TEXT(A7, "yyyy") -> 2010 | I7: =TEXT(A7, "y") -> 10 | J7: =TEXT(A7, "m") -> 4 | K7: =TEXT(A7, "mm") -> 04 | L7: =TEXT(A7, "mmm") -> Apr | M7: =TEXT(A7, "mmmm") -> April | N7: =TEXT($A7, "d") -> 20 | O7: =TEXT($A7, "dd") -> 20 | P7: =TEXT($A7, "ddd") -> Tue | Q7: =TEXT($A7, "dddd") -> Tuesday | R7: =TEXT(B7, "00") -> 05 | S7: =TEXT(B7, "000") -> 005
A8: 39924 | B8: 6 | C8: =YEAR(A8) -> 2009 | D8: =MONTH(A8) -> 4 | E8: =DAY(A8) -> 21 | F8: =OR(D8=4, B8>=10) -> TRUE | G8: =AND(D8=4, B8>=10) -> FALSE | H8: =TEXT(A8, "yyyy") -> 2009 | I8: =TEXT(A8, "y") -> 09 | J8: =TEXT(A8, "m") -> 4 | K8: =TEXT(A8, "mm") -> 04 | L8: =TEXT(A8, "mmm") -> Apr | M8: =TEXT(A8, "mmmm") -> April | N8: =TEXT($A8, "d") -> 21 | O8: =TEXT($A8, "dd") -> 21 | P8: =TEXT($A8, "ddd") -> Tue | Q8: =TEXT($A8, "dddd") -> Tuesday | R8: =TEXT(B8, "00") -> 06 | S8: =TEXT(B8, "000") -> 006
A9: 38829 | B9: 9 | C9: =YEAR(A9) -> 2006 | D9: =MONTH(A9) -> 4 | E9: =DAY(A9) -> 22 | F9: =OR(D9=4, B9>=10) -> TRUE | G9: =AND(D9=4, B9>=10) -> FALSE | H9: =TEXT(A9, "yyyy") -> 2006 | I9: =TEXT(A9, "y") -> 06 | J9: =TEXT(A9, "m") -> 4 | K9: =TEXT(A9, "mm") -> 04 | L9: =TEXT(A9, "mmm") -> Apr | M9: =TEXT(A9, "mmmm") -> April | N9: =TEXT($A9, "d") -> 22 | O9: =TEXT($A9, "dd") -> 22 | P9: =TEXT($A9, "ddd") -> Sat | Q9: =TEXT($A9, "dddd") -> Saturday | R9: =TEXT(B9, "00") -> 09 | S9: =TEXT(B9, "000") -> 009
A10: 39561 | B10: 6 | C10: =YEAR(A10) -> 2008 | D10: =MONTH(A10) -> 4 | E10: =DAY(A10) -> 23 | F10: =OR(D10=4, B10>=10) -> TRUE | G10: =AND(D10=4, B10>=10) -> FALSE | H10: =TEXT(A10, "yyyy") -> 2008 | I10: =TEXT(A10, "y") -> 08 | J10: =TEXT(A10, "m") -> 4 | K10: =TEXT(A10, "mm") -> 04 | L10: =TEXT(A10, "mmm") -> Apr | M10: =TEXT(A10, "mmmm") -> April | N10: =TEXT($A10, "d") -> 23 | O10: =TEXT($A10, "dd") -> 23 | P10: =TEXT($A10, "ddd") -> Wed | Q10: =TEXT($A10, "dddd") -> Wednesday | R10: =TEXT(B10, "00") -> 06 | S10: =TEXT(B10, "000") -> 006
A11: 42148 | B11: 3 | C11: =YEAR(A11) -> 2015 | D11: =MONTH(A11) -> 5 | E11: =DAY(A11) -> 24 | F11: =OR(D11=4, B11>=10) -> FALSE | G11: =AND(D11=4, B11>=10) -> FALSE | H11: =TEXT(A11, "yyyy") -> 2015 | I11: =TEXT(A11, "y") -> 15 | J11: =TEXT(A11, "m") -> 5 | K11: =TEXT(A11, "mm") -> 05 | L11: =TEXT(A11, "mmm") -> May | M11: =TEXT(A11, "mmmm") -> May | N11: =TEXT($A11, "d") -> 24 | O11: =TEXT($A11, "dd") -> 24 | P11: =TEXT($A11, "ddd") -> Sun | Q11: =TEXT($A11, "dddd") -> Sunday | R11: =TEXT(B11, "00") -> 03 | S11: =TEXT(B11, "000") -> 003
A12: 39807 | B12: 66 | C12: =YEAR(A12) -> 2008 | D12: =MONTH(A12) -> 12 | E12: =DAY(A12) -> 25 | F12: =OR(D12=4, B12>=10) -> TRUE | G12: =AND(D12=4, B12>=10) -> FALSE | H12: =TEXT(A12, "yyyy") -> 2008 | I12: =TEXT(A12, "y") -> 08 | J12: =TEXT(A12, "m") -> 12 | K12: =TEXT(A12, "mm") -> 12 | L12: =TEXT(A12, "mmm") -> Dec | M12: =TEXT(A12, "mmmm") -> December | N12: =TEXT($A12, "d") -> 25 | O12: =TEXT($A12, "dd") -> 25 | P12: =TEXT($A12, "ddd") -> Thu | Q12: =TEXT($A12, "dddd") -> Thursday | R12: =TEXT(B12, "00") -> 66 | S12: =TEXT(B12, "000") -> 066
A13: 39655 | B13: 7 | C13: =YEAR(A13) -> 2008 | D13: =MONTH(A13) -> 7 | E13: =DAY(A13) -> 26 | F13: =OR(D13=4, B13>=10) -> FALSE | G13: =AND(D13=4, B13>=10) -> FALSE | H13: =TEXT(A13, "yyyy") -> 2008 | I13: =TEXT(A13, "y") -> 08 | J13: =TEXT(A13, "m") -> 7 | K13: =TEXT(A13, "mm") -> 07 | L13: =TEXT(A13, "mmm") -> Jul | M13: =TEXT(A13, "mmmm") -> July | N13: =TEXT($A13, "d") -> 26 | O13: =TEXT($A13, "dd") -> 26 | P13: =TEXT($A13, "ddd") -> Sat | Q13: =TEXT($A13, "dddd") -> Saturday | R13: =TEXT(B13, "00") -> 07 | S13: =TEXT(B13, "000") -> 007
A14: 39564 | B14: 15 | C14: =YEAR(A14) -> 2008 | D14: =MONTH(A14) -> 4 | E14: =DAY(A14) -> 26 | F14: =OR(D14=4, B14>=10) -> TRUE | G14: =AND(D14=4, B14>=10) -> TRUE | H14: =TEXT(A14, "yyyy") -> 2008 | I14: =TEXT(A14, "y") -> 08 | J14: =TEXT(A14, "m") -> 4 | K14: =TEXT(A14, "mm") -> 04 | L14: =TEXT(A14, "mmm") -> Apr | M14: =TEXT(A14, "mmmm") -> April | N14: =TEXT($A14, "d") -> 26 | O14: =TEXT($A14, "dd") -> 26 | P14: =TEXT($A14, "ddd") -> Sat | Q14: =TEXT($A14, "dddd") -> Saturday | R14: =TEXT(B14, "00") -> 15 | S14: =TEXT(B14, "000") -> 015
A15: 39809 | B15: 10 | C15: =YEAR(A15) -> 2008 | D15: =MONTH(A15) -> 12 | E15: =DAY(A15) -> 27 | F15: =OR(D15=4, B15>=10) -> TRUE | G15: =AND(D15=4, B15>=10) -> FALSE | H15: =TEXT(A15, "yyyy") -> 2008 | I15: =TEXT(A15, "y") -> 08 | J15: =TEXT(A15, "m") -> 12 | K15: =TEXT(A15, "mm") -> 12 | L15: =TEXT(A15, "mmm") -> Dec | M15: =TEXT(A15, "mmmm") -> December | N15: =TEXT($A15, "d") -> 27 | O15: =TEXT($A15, "dd") -> 27 | P15: =TEXT($A15, "ddd") -> Sat | Q15: =TEXT($A15, "dddd") -> Saturday | R15: =TEXT(B15, "00") -> 10 | S15: =TEXT(B15, "000") -> 010
A16: 39718 | B16: 4 | C16: =YEAR(A16) -> 2008 | D16: =MONTH(A16) -> 9 | E16: =DAY(A16) -> 27 | F16: =OR(D16=4, B16>=10) -> FALSE | G16: =AND(D16=4, B16>=10) -> FALSE | H16: =TEXT(A16, "yyyy") -> 2008 | I16: =TEXT(A16, "y") -> 08 | J16: =TEXT(A16, "m") -> 9 | K16: =TEXT(A16, "mm") -> 09 | L16: =TEXT(A16, "mmm") -> Sep | M16: =TEXT(A16, "mmmm") -> September | N16: =TEXT($A16, "d") -> 27 | O16: =TEXT($A16, "dd") -> 27 | P16: =TEXT($A16, "ddd") -> Sat | Q16: =TEXT($A16, "dddd") -> Saturday | R16: =TEXT(B16, "00") -> 04 | S16: =TEXT(B16, "000") -> 004
... A18: 39507 | B18: 7 | C18: =YEAR(A18) -> 2008 | D18: =MONTH(A18) -> 2 | E18: =DAY(A18) -> 29 | F18: =OR(D18=4, B18>=10) -> FALSE | G18: =AND(D18=4, B18>=10) -> FALSE | H18: =TEXT(A18, "yyyy") -> 2008 | I18: =TEXT(A18, "y") -> 08 | J18: =TEXT(A18, "m") -> 2 | K18: =TEXT(A18, "mm") -> 02 | L18: =TEXT(A18, "mmm") -> Feb | M18: =TEXT(A18, "mmmm") -> February | N18: =TEXT($A18, "d") -> 29 | O18: =TEXT($A18, "dd") -> 29 | P18: =TEXT($A18, "ddd") -> Fri | Q18: =TEXT($A18, "dddd") -> Friday | R18: =TEXT(B18, "00") -> 07 | S18: =TEXT(B18, "000") -> 007
B22: Input | C22: 24 | F22: 45580 | H22: Creating date:
B23: Between 30 to 40 | C23: =IF(AND(C22>=30, C22<=40), "Yes", "No") -> No | F23: =YEAR(F22) -> 2024 | H23: =DATE(2025, 4, 16) -> 45763
B24: Not between 10 to 20 | C24: =IF(NOT(AND(C22>=10, C22<=20)), "Yes", "No") -> Yes
C25: 5 | D25: Yes | E25: TRUE
C26: 24 | D26: Yes | E26: TRUE
C27: 12 | D27: No | E27: FALSE

Sheet Data Validation
C3: Qty: | D3: 2
C4: Rate: | D4: 12500
C5: Amount: | D5: =D3*D4 -> 25000
C6: Date:
C7: Day: | D7: Fri
C8: Choose:

Sheet Population
A1: STD Code | B1: City | C1: Population | D1: Avg. Literacy | E1: Family Income | F1: Area
A2: 79 | B2: Ahmedabad | C2: 86 | D2: 68.7 | E2: 18000 | F2: 110
A3: 261 | B3: Surat | C3: 80 | D3: 60.5 | E3: 21000 | F3: 98
A4: 2766 | B4: Patan | C4: 13 | D4: 72.3 | E4: 10000 | F4: 15
A5: 281 | B5: Rajkot | C5: 46 | D5: 52.2 | E5: 14000 | F5: 45
A6: 2744 | B6: Disa | C6: 2 | D6: 68.8 | E6: 8500 | F6: 8
A7: 2742 | B7: Palanpur | C7: 1.5 | D7: 64.9 | E7: 9600 | F7: 20

Sheet Per Capita Income
A1: City | B1: Per Capita Income | C1: Avg. Literacy | D1: Population | E1: Area | F1: STD Code (Can't find using VLOOKUP!)
A2: Ahmedabad | B2: 2590 | C2: =VLOOKUP(A2, Population!$B$1:$F$7, 3, FALSE) -> 68.7 | D2: =VLOOKUP(A2, Population!$B$2:$F$7, 2, FALSE) -> 86 | E2: =VLOOKUP(A2, Population!$B$2:$F$7, 5, FALSE) -> 110 | F2: =INDEX(Population!$A$2:$A$7, MATCH('Per Capita Income'!A2, Population!$B$2:$B$7, 0)) -> 79
A3: Disa | B3: 3196 | C3: =VLOOKUP(A3, Population!$B$1:$F$7, 3, FALSE) -> 68.8 | D3: =VLOOKUP(A3, Population!$B$2:$F$7, 2, FALSE) -> 2 | E3: =VLOOKUP(A3, Population!$B$2:$F$7, 5, FALSE) -> 8 | F3: =INDEX(Population!$A$2:$A$7, MATCH('Per Capita Income'!A3, Population!$B$2:$B$7, 0)) -> 2744
A4: Palanpur | B4: 2400 | C4: =VLOOKUP(A4, Population!$B$1:$F$7, 3, FALSE) -> 64.9 | D4: =VLOOKUP(A4, Population!$B$2:$F$7, 2, FALSE) -> 1.5 | E4: =VLOOKUP(A4, Population!$B$2:$F$7, 5, FALSE) -> 20 | F4: =INDEX(Population!$A$2:$A$7, MATCH('Per Capita Income'!A4, Population!$B$2:$B$7, 0)) -> 2742
A5: Patan | B5: 2530 | C5: =VLOOKUP(A5, Population!$B$1:$F$7, 3, FALSE) -> 72.3 | D5: =VLOOKUP(A5, Population!$B$2:$F$7, 2, FALSE) -> 13 | E5: =VLOOKUP(A5, Population!$B$2:$F$7, 5, FALSE) -> 15 | F5: =INDEX(Population!$A$2:$A$7, MATCH('Per Capita Income'!A5, Population!$B$2:$B$7, 0)) -> 2766
A6: Rajkot | B6: 2900 | C6: =VLOOKUP(A6, Population!$B$1:$F$7, 3, FALSE) -> 52.2 | D6: =VLOOKUP(A6, Population!$B$2:$F$7, 2, FALSE) -> 46 | E6: =VLOOKUP(A6, Population!$B$2:$F$7, 5, FALSE) -> 45 | F6: =INDEX(Population!$A$2:$A$7, MATCH('Per Capita Income'!A6, Population!$B$2:$B$7, 0)) -> 281
A7: Surat | B7: 2850 | C7: =VLOOKUP(A7, Population!$B$1:$F$7, 3, FALSE) -> 60.5 | D7: =VLOOKUP(A7, Population!$B$2:$F$7, 2, FALSE) -> 80 | E7: =VLOOKUP(A7, Population!$B$2:$F$7, 5, FALSE) -> 98 | F7: =INDEX(Population!$A$2:$A$7, MATCH('Per Capita Income'!A7, Population!$B$2:$B$7, 0)) -> 261
A11: Match Function | D11: Index Function
A15: Enter the city | B15: Ahmedabad | D15: Enter Index No | E15: 4
A16: Index No | B16: =MATCH(B15, A1:A7, 0) -> 2 | D16: City | E16: =INDEX(A1:A7, E15) -> Palanpur
A17: Changing the lookup array | B17: =MATCH(B15,A2:A7, 0) -> 1
D18: Enter Row No | E18: 3
A19: Population | B19: 86 | D19: Enter Col No | E19: 4
A20: Match takes only 1D array! | B20: =MATCH(B19,A1:D7, 0) -> #N/A | D20: Value | E20: =INDEX(A2:E7, E18, E19) -> 1.5
A22: Parameter | B22: STD Code
A23: Column Number | B23: =MATCH(B22, A1:F1, 0) -> #N/A
B26: Enter City Name | C26: Patan | E26: row num of city | F26: =MATCH(C26, A2:A7, 0) -> 4
B27: Parameter | C27: Per Capita Income | E27: col num of para | F27: =MATCH(C27, A1:F1, 0) -> 2
B28: Value | C28: =INDEX(A2:F7, F26, F27) -> 2530
B29: Direct Value | C29: =INDEX(A2:F7, MATCH(C26, A2:A7, 0), MATCH(C27, A1:F1, 0)) -> 2530
