Workbook

Sheet Sheet1
A1: Sr. No. | B1: Full Name | D1: Contact Information | F1: Exam Date
B2: First Name | C2: Last Name | D2: Mobile No. | E2: Address | G2: Day
A3: 1 | B3: Krushnam | C3: Patel | D3: 9876543210 | E3: Krushnam Niwas, Opp Mayer's Bungalow, Law Garden, Ahmedabad | F3: 46077 | G3: Monday | H3: Mon | I3: Mon
A4: 2 | B4: Arjun | C4: Subramanyam Swami | D4: 8989898989 | E4: N/A | F4: 46078 | G4: Tuesday | H4: Tue | I4: Mon
A5: 3 | B5: Mosam | C5: Patel | D5: 9090908787 | E5: Mosam's Home, Beside C.M.House, Gandinagar | F5: 46079 | G5: Wednesday | H5: Wed | I5: Mon
A6: 4 | F6: 46080 | G6: Thursday | H6: Thu | I6: Mon
A7: 5 | F7: 46081 | G7: Friday | H7: Fri | I7: Mon
A8: 6 | F8: 46082 | G8: Saturday | H8: Sat | I8: Mon
A9: 7 | F9: 46083 | G9: Sunday | H9: Sun | I9: Mon
A10: 8 | F10: 46084 | G10: Monday | H10: Mon | I10: Mon
A11: 9 | F11: 46085 | G11: Tuesday | H11: Tue | I11: Mon
A12: 10 | F12: 46086 | G12: Wednesday | H12: Wed | I12: Mon
F13: 46087 | I13: Mon
F14: 46088 | I14: Mon
F15: 46089 | I15: Mon
F16: 46090 | I16: Mon
F17: 46091 | I17: Mon
F18: 46092 | I18: Mon
F19: 46093 | I19: Mon

Sheet Consolidated Marks Sheet
A1: Sr. No. | B1: Name | C1: Total Marks
A2: 1 | B2: ='Vraj Patel'!B1 -> Vraj Patel | C2: ='Vraj Patel'!E15 -> 1141
A3: 2 | B3: ='Pushparaj Chavda'!B1 -> Pushparaj Chavda | C3: ='Pushparaj Chavda'!E15 -> 1223
A4: 3 | B4: ='Krushnam Patel'!B1 -> Krushnam Patel | C4: ='Krushnam Patel'!E15 -> 1229

Sheet Vraj Patel
A1: Name | B1: Vraj Patel
A2: Batch | B2: Club Batch
A3: Course | B3: Data Analysis
A5: Sr.No. | B5: Subject | C5: Test -1 Marks | D5: Test - 2 Marks | E5: Total Marks
A6: 1 | B6: Tableau | C6: 80 | D6: 95 | E6: =D6+C6 -> 175
A7: 2 | B7: Excel | C7: 100 | D7: 97 | E7: =D7+C7 -> 197
A8: 3 | B8: Advanced SQL | C8: 80 | D8: 90 | E8: =D8+C8 -> 170
A9: 4 | B9: Core Python | C9: 78 | D9: 88 | E9: =D9+C9 -> 166
A10: 5 | B10: Python Libraries | C10: 90 | D10: 85 | E10: =D10+C10 -> 175
A11: 6 | B11: Part-2
A12: 7 | B12: Probability & Statistics | C12: 84 | E12: =D12+C12 -> 84
A13: 8 | B13: Hypothesis Testing | C13: 88 | D13: 86 | E13: =D13+C13 -> 174
B15: Total Marks | C15: =SUM(C6:C13) -> 600 | D15: =SUM(D6:D13) -> 541 | E15: =SUM(E6:E13) -> 1141
B16: Avg Marks Per Subject by division | C16: =C15/7 -> 85.714286 | D16: =D15/7 -> 77.285714 | E16: =E15/7 -> 163
B17: Avg Marks per subject by average | C17: =AVERAGE(C6:C13) -> 85.714286 | D17: =AVERAGE(D6:D13) -> 90.166667 | E17: =AVERAGE(E6:E13) -> 163
B18: Rounded Off Avg | C18: =ROUND(C17, 4) -> 85.7143 | D18: =ROUND(D17, 4) -> 90.1667 | E18: =ROUND(E17, 4) -> 163
B19: Truncated Avg | C19: =TRUNC(C17, 4) -> 85.7142 | D19: =TRUNC(D17, 4) -> 90.1666 | E19: =TRUNC(E17, 4) -> 163
B20: Rounded Down Avg | C20: =ROUNDDOWN(C19, 2) -> 85.71 | D20: =ROUNDDOWN(D19, 2) -> 90.16 | E20: =ROUNDDOWN(E19, 2) -> 163
B21: Rounded Up Avg | C21: =ROUNDUP(C17, 2) -> 85.72 | D21: =ROUNDUP(D17, 2) -> 90.17 | E21: =ROUNDUP(E16, 2) -> 163
B22: Rounded to nearest integer | C22: =ROUND(C17, 0) -> 86 | D22: =ROUND(D17, 0) -> 90 | E22: =ROUND(E17, 0) -> 163
B23: Rounded to nearest ten | C23: =ROUND(C17, -1) -> 90 | D23: =ROUND(D17, -1) -> 90 | E23: =ROUND(E17, -1) -> 160
B24: Rounded to nearest hundred | C24: =ROUND(C17, -2) -> 100 | D24: =ROUND(D17, -2) -> 100 | E24: =ROUND(E17, -2) -> 200

Sheet Pushparaj Chavda
A1: Name | B1: Pushparaj Chavda
A2: Batch | B2: Club Batch
A3: Course | B3: Data Analysis
A5: Sr.No. | B5: Subject | C5: Test -1 Marks | D5: Test - 2 Marks | E5: Total Marks
A6: 1 | B6: Tableau | C6: 82 | D6: 95 | E6: =D6+C6 -> 177
A7: 2 | B7: Excel | C7: 94 | D7: 97 | E7: =D7+C7 -> 191
A8: 3 | B8: Advanced SQL | C8: 86 | D8: 90 | E8: =D8+C8 -> 176
A9: 4 | B9: Core Python | C9: 82 | D9: 88 | E9: =D9+C9 -> 170
A10: 5 | B10: Python Libraries | C10: 88 | D10: 85 | E10: =D10+C10 -> 173
A11: 6 | B11: Part-2
A12: 7 | B12: Probability & Statistics | C12: 84 | D12: 78 | E12: =D12+C12 -> 162
A13: 8 | B13: Hypothesis Testing | C13: 88 | D13: 86 | E13: =D13+C13 -> 174
B15: Total Marks | C15: =SUM(C6:C13) -> 604 | D15: =SUM(D6:D13) -> 619 | E15: =SUM(E6:E13) -> 1223
B16: Avg Marks Per Subject by division | C16: =C15/7 -> 86.285714 | D16: =D15/7 -> 88.428571 | E16: =E15/7 -> 174.71429
B17: Avg Marks per subject by average | C17: =AVERAGE(C6:C13) -> 86.285714 | D17: =AVERAGE(D6:D13) -> 88.428571 | E17: =AVERAGE(E6:E13) -> 174.71429
B18: Rounded Off Avg | C18: =ROUND(C17, 4) -> 86.2857 | D18: =ROUND(D17, 4) -> 88.4286 | E18: =ROUND(E17, 4) -> 174.7143
B19: Truncated Avg | C19: =TRUNC(C17, 4) -> 86.2857 | D19: =TRUNC(D17, 4) -> 88.4285 | E19: =TRUNC(E17, 4) -> 174.7142
B20: Rounded Down Avg | C20: =ROUNDDOWN(C19, 2) -> 86.28 | D20: =ROUNDDOWN(D19, 2) -> 88.42 | E20: =ROUNDDOWN(E19, 2) -> 174.71
B21: Rounded Up Avg | C21: =ROUNDUP(C17, 2) -> 86.29 | D21: =ROUNDUP(D17, 2) -> 88.43 | E21: =ROUNDUP(E16, 2) -> 174.72
B22: Rounded to nearest integer | C22: =ROUND(C17, 0) -> 86 | D22: =ROUND(D17, 0) -> 88 | E22: =ROUND(E17, 0) -> 175
B23: Rounded to nearest ten | C23: =ROUND(C17, -1) -> 90 | D23: =ROUND(D17, -1) -> 90 | E23: =ROUND(E17, -1) -> 170
B24: Rounded to nearest hundred | C24: =ROUND(C17, -2) -> 100 | D24: =ROUND(D17, -2) -> 100 | E24: =ROUND(E17, -2) -> 200

Sheet Krushnam Patel
A1: Name | B1: Krushnam Patel
A2: Batch | B2: Club Batch
A3: Course | B3: Data Analysis
A5: Sr.No. | B5: Subject | C5: Test -1 Marks | D5: Test - 2 Marks | E5: Total Marks
A6: 1 | B6: Tableau | C6: 82 | D6: 95 | E6: =D6+C6 -> 177
A7: 2 | B7: Excel | C7: 94 | D7: 97 | E7: =D7+C7 -> 191
A8: 3 | B8: Advanced SQL | C8: 86 | D8: 90 | E8: =D8+C8 -> 176
A9: 4 | B9: Core Python | C9: 82 | D9: 90 | E9: =D9+C9 -> 172
A10: 5 | B10: Python Libraries | C10: 88 | D10: 85 | E10: =D10+C10 -> 173
A11: 6 | B11: Part-2
A12: 7 | B12: Probability & Statistics | C12: 84 | D12: 78 | E12: =D12+C12 -> 162
A13: 8 | B13: Hypothesis Testing | C13: 88 | D13: 90 | E13: =D13+C13 -> 178
B15: Total Marks | C15: =SUM(C6:C13) -> 604 | D15: =SUM(D6:D13) -> 625 | E15: =SUM(E6:E13) -> 1229
B16: Avg Marks Per Subject by division | C16: =C15/7 -> 86.285714 | D16: =D15/7 -> 89.285714 | E16: =E15/7 -> 175.57143
B17: Avg Marks per subject by average | C17: =AVERAGE(C6:C13) -> 86.285714 | D17: =AVERAGE(D6:D13) -> 89.285714 | E17: =AVERAGE(E6:E13) -> 175.57143
B18: Rounded Off Avg | C18: =ROUND(C17, 4) -> 86.2857 | D18: =ROUND(D17, 4) -> 89.2857 | E18: =ROUND(E17, 4) -> 175.5714
B19: Truncated Avg | C19: =TRUNC(C17, 4) -> 86.2857 | D19: =TRUNC(D17, 4) -> 89.2857 | E19: =TRUNC(E17, 4) -> 175.5714
B20: Rounded Down Avg | C20: =ROUNDDOWN(C19, 2) -> 86.28 | D20: =ROUNDDOWN(D19, 2) -> 89.28 | E20: =ROUNDDOWN(E19, 2) -> 175.57
B21: Rounded Up Avg | C21: =ROUNDUP(C17, 2) -> 86.29 | D21: =ROUNDUP(D17, 2) -> 89.29 | E21: =ROUNDUP(E16, 2) -> 175.58
B22: Rounded to nearest integer | C22: =ROUND(C17, 0) -> 86 | D22: =ROUND(D17, 0) -> 89 | E22: =ROUND(E17, 0) -> 176
B23: Rounded to nearest ten | C23: =ROUND(C17, -1) -> 90 | D23: =ROUND(D17, -1) -> 90 | E23: =ROUND(E17, -1) -> 180
B24: Rounded to nearest hundred | C24: =ROUND(C17, -2) -> 100 | D24: =ROUND(D17, -2) -> 100 | E24: =ROUND(E17, -2) -> 200
