Workbook

Sheet Data Validation
C3: Qty: | D3: 10
C4: Amount (Warning): | D4: 300000
C5: Temperature: | D5: 15
C6: Seats: | D6: 5
C7: Day: | D7: Tue
C8: Choose:
C9: Date:
B12: Error Handling
C13: Numerator | D13: 152
C14: Denominator | D14: 0
C15: Division (Without Error Handling) | D15: =D13/D14 -> #DIV/0!
C16: Division | D16: =IFERROR(D13/D14, "Please write a non-zero denominator") -> Please write a non-zero denominator

Sheet Sheet5
A1: Name
A2: Krushnam
A3: Vedant
A4: Hitarth
A5: Pushpraj
A6: Deep
A7: Shalin
A8: Vraj
A9: Kushal
A10: Harsh
A11: Raghav

Sheet Population
A1: STD Code | B1: City | C1: Population | D1: Avg. Literacy | E1: Male Literacy | F1: Female Literacy
A2: 79 | B2: Ahmedabad | C2: 86 | D2: 68.7 | E2: 64.8 | F2: 75.6
A3: 261 | B3: Surat | C3: 80 | D3: 60.5 | E3: 62 | F3: 61
A4: 2766 | B4: Patan | C4: 13 | D4: 72.3 | E4: 82.9 | F4: 61.05
A6: 281 | B6: Rajkot | C6: 46 | D6: 52.2 | E6: 78.4 | F6: 72
A7: 2744 | B7: Disa | C7: 2 | D7: 68.8 | E7: 55.8 | F7: 65.3
A8: 2742 | B8: Palanpur | C8: 1.5 | D8: 64.9 | E8: 75 | F8: 70

Sheet Per Capita Income
A1: City | B1: Income | C1: Avg. Literacy | D1: Population | E1: Female Literacy | F1: STD Code | G1: STD Code
A2: Ahmedabad | B2: 2590 | C2: =VLOOKUP($A2, Population!$B$1:$F$8, 3, FALSE) -> 68.7 | D2: =VLOOKUP($A2, Population!$B$1:$F$8, 4, FALSE) -> 64.8 | E2: =VLOOKUP($A2, Population!$B$1:$F$8, 5, FALSE) -> 75.6 | F2: We can't get STD Codes using VLOOKUP! | I2: VLOOKUP Exercise
A3: Disa | B3: 3196 | C3: =VLOOKUP($A3, Population!$B$1:$F$8, 3, FALSE) -> 68.8 | D3: =VLOOKUP($A3, Population!$B$1:$F$8, 4, FALSE) -> 55.8 | E3: =VLOOKUP($A3, Population!$B$1:$F$8, 5, FALSE) -> 65.3
A4: Palanpur | B4: 2400 | C4: =VLOOKUP($A4, Population!$B$1:$F$8, 3, FALSE) -> 64.9 | D4: =VLOOKUP($A4, Population!$B$1:$F$8, 4, FALSE) -> 75 | E4: =VLOOKUP($A4, Population!$B$1:$F$8, 5, FALSE) -> 70 | J4: City | K4: Palanpur
A5: Patan | B5: 2530 | C5: =VLOOKUP($A5, Population!$B$1:$F$8, 3, FALSE) -> 72.3 | D5: =VLOOKUP($A5, Population!$B$1:$F$8, 4, FALSE) -> 82.9 | E5: =VLOOKUP($A5, Population!$B$1:$F$8, 5, FALSE) -> 61.05 | J5: Income | K5: =VLOOKUP($K$4, $A$1:$E$7, 2,FALSE) -> 2400
A6: Rajkot | B6: 2900 | C6: =VLOOKUP($A6, Population!$B$1:$F$8, 3, FALSE) -> 52.2 | D6: =VLOOKUP($A6, Population!$B$1:$F$8, 4, FALSE) -> 78.4 | E6: =VLOOKUP($A6, Population!$B$1:$F$8, 5, FALSE) -> 72 | J6: Avg.Literacy | K6: =VLOOKUP($K$4, $A$1:$E$7, 3,FALSE) -> 64.9
A7: Surat | B7: 2850 | C7: =VLOOKUP($A7, Population!$B$1:$F$8, 3, FALSE) -> 60.5 | D7: =VLOOKUP($A7, Population!$B$1:$F$8, 4, FALSE) -> 62 | E7: =VLOOKUP($A7, Population!$B$1:$F$8, 5, FALSE) -> 61 | J7: Population | K7: =VLOOKUP($K$4, $A$1:$E$7, 4,FALSE) -> 75
J8: Female Literacy | K8: =VLOOKUP($K$4, $A$1:$E$7, 5,FALSE) -> 70
A11: Match Function | E11: Index Function
B12: City | C12: Disa | F12: Row Number | G12: 3
B13: Row Number | C13: =MATCH($C$12, $A$2:$A$7, 0) -> 2 | F13: City | G13: =INDEX(A2:A7, G12) -> Palanpur
B15: Parameter | C15: Population | F15: Column No | G15: 4
B16: Col Number | C16: =MATCH($C$15, $B$1:$E$1, 0) -> 3 | F16: Parameter | G16: =INDEX(A1:E1, 1, G15) -> Population
B18: Match Doesn't Support 2D array! | F18: Row No. | G18: 3
B19: =MATCH(75, A1:E7, 0) -> #N/A | F19: Col No. | G19: 1
F20: Answer: | G20: =INDEX(B2:E7, G18, G19) -> 2400
B25: Enter City Name | C25: Palanpur | E25: Row No. of the city: | F25: =MATCH($C$25, $A$2:$A$7, 0) -> 3
B26: Parameter | C26: Female Literacy | E26: Col No. of the parameter: | F26: =MATCH($C$26, $B$1:$E$1, 0) -> 4
B27: Value | C27: =INDEX($B$2:$E$7, F25, F26) -> 70
B28: Direct Value | C28: =INDEX(B2:E7, MATCH(C25, A2:A7, 0), MATCH(C26, B1:E1, 0)) -> 70
B29: Using VLOOKUP & Match | C29: =VLOOKUP(C25, A2:E7, MATCH(C26, A1:E1, 0),FALSE) -> 70

Sheet HLookup & Transpose
B3: Name | C3: SR Tendulkar | D3: V Sehwag | E3: V Kohli | H3: Name | I3: SR Tendulkar | J3: V Sehwag | K3: V Kohli | M3: Column1 | N3: Column2 | O3: Column3 | P3: Column4 | Q3: Column5 | R3: Column6 | S3: Column7
B4: Matches | C4: 200 | D4: 97 | E4: 98 | H4: Matches | I4: 200 | J4: 97 | K4: 98
B5: 100's | C5: 20 | D5: 22 | E5: 21 | H5: 100's | I5: 20 | J5: 22 | K5: 21
B6: 50's | C6: 32 | D6: 35 | E6: 25 | H6: 50's | I6: 32 | J6: 35 | K6: 25
B7: 6's | C7: 100 | D7: 25 | E7: 54 | H7: 6's | I7: 100 | J7: 25 | K7: 54
B8: 4s | C8: 125 | D8: 20 | E8: 14 | H8: 4's | I8: 125 | J8: 20 | K8: 14
B11: Batsman | C11: V Kohli | H11: Name | I11: Matches | J11: 100's | K11: 50's | L11: 6's | M11: 4's
B12: Parameter | C12: 50's | E12: Row No: | F12: =MATCH(C12, Table_57[[#All],[Name]], 0) -> 4 | H12: SR Tendulkar | I12: 200 | J12: 20 | K12: 32 | L12: 100 | M12: 125
B13: Value | C13: =HLOOKUP(C11, Table_57[[#All],[SR Tendulkar]:[V Kohli]], F12, FALSE) -> 25 | H13: V Sehwag | I13: 97 | J13: 22 | K13: 35 | L13: 25 | M13: 20
B14: Direct | C14: =HLOOKUP(C11, Table_57[[#All],[SR Tendulkar]:[V Kohli]], MATCH(C12, Table_57[[#All],[Name]], 0), FALSE) -> 25 | H14: V Kohli | I14: 98 | J14: 21 | K14: 25 | L14: 54 | M14: 14
