Workbook

Sheet flashfill and concat
A1: First Name | B1: Last Name | C1: Full Name - Flashfill | D1: Full Name - Concat | F1: Initial | G1: Age | H1: First Name | I1: Last Name | J1: Adressing
A2: Python | B2: Language | C2: Python Language | D2: =_xlfn.CONCAT(A2, " ", B2) -> Python Language
A3: Ayush | B3: Sheth | C3: Ayush Sheth | D3: =_xlfn.CONCAT(A3, " ", B3) -> Ayush Sheth | F3: Mr | G3: 24 | H3: Ayush | I3: Sheth | J3: =IF(G3>=18, _xlfn.CONCAT("Hello ", F3, " ", I3, ","), _xlfn.CONCAT("Hi ", H3, "!")) -> Hello Mr Sheth,
A4: Alakh | B4: Pandya | C4: Alakh Pandya | D4: =_xlfn.CONCAT(A4, " ", B4) -> Alakh Pandya | F4: Mr | G4: 43 | H4: Alakh | I4: Pandya | J4: =IF(G4>=18, _xlfn.CONCAT("Hello ", F4, " ", I4, ","), _xlfn.CONCAT("Hi ", H4, "!")) -> Hello Mr Pandya,
A5: Madhusudan | B5: Soneji | C5: Madhusudan Soneji | D5: =_xlfn.CONCAT(A5, " ", B5) -> Madhusudan Soneji | F5: Mr | G5: 50 | H5: Madhusudan | I5: Soneji | J5: =IF(G5>=18, _xlfn.CONCAT("Hello ", F5, " ", I5, ","), _xlfn.CONCAT("Hi ", H5, "!")) -> Hello Mr Soneji,
A6: Heli | B6: Raval | C6: Heli Raval | D6: =_xlfn.CONCAT(A6, " ", B6) -> Heli Raval | F6: Ms | G6: 14 | H6: Heli | I6: Raval | J6: =IF(G6>=18, _xlfn.CONCAT("Hello ", F6, " ", I6, ","), _xlfn.CONCAT("Hi ", H6, "!")) -> Hi Heli!
A7: Sanjay | B7: Shah | C7: Sanjay Shah | D7: =_xlfn.CONCAT(A7, " ", B7) -> Sanjay Shah | F7: Dr | G7: 27 | H7: Sanjay | I7: Shah | J7: =IF(G7>=18, _xlfn.CONCAT("Hello ", F7, " ", I7, ","), _xlfn.CONCAT("Hi ", H7, "!")) -> Hello Dr Shah,
A8: Nupur | B8: Patel | C8: Nupur Patel | D8: =_xlfn.CONCAT(A8, " ", B8) -> Nupur Patel | F8: Prof | G8: 30 | H8: Nupur | I8: Patel | J8: =IF(G8>=18, _xlfn.CONCAT("Hello ", F8, " ", I8, ","), _xlfn.CONCAT("Hi ", H8, "!")) -> Hello Prof Patel,
A9: Khyati | B9: Jani | C9: Khyati Jani | D9: =_xlfn.CONCAT(A9, " ", B9) -> Khyati Jani | F9: Ms | G9: 15 | H9: Khyati | I9: Jani | J9: =IF(G9>=18, _xlfn.CONCAT("Hello ", F9, " ", I9, ","), _xlfn.CONCAT("Hi ", H9, "!")) -> Hi Khyati!
A10: Ajay | B10: Khanna | C10: Ajay Khanna | D10: =_xlfn.CONCAT(A10, " ", B10) -> Ajay Khanna | F10: Mr | G10: 17 | H10: Ajay | I10: Khanna | J10: =IF(G10>=18, _xlfn.CONCAT("Hello ", F10, " ", I10, ","), _xlfn.CONCAT("Hi ", H10, "!")) -> Hi Ajay!

Sheet logical operators and text fn
A1: Which rows have April as their month and 'Numbers' at least 10? | S1: 12
A2: Which rows have April as their month or 'Numbers' at least 10? | I2: Extracting in different ways using TEXT
A3: Which rows don't have April month?
A5: Date | B5: Numbers | C5: Year | D5: Date | E5: Month | F5: AND | G5: OR | H5: NOT | I5: Year (Full) | J5: Year (Short) | K5: Month (short) | L5: Zero Padded Month | M5: Month Name (short) | N5: Month Name (full) | O5: Date | P5: Zero Padded Date | Q5: Day (Short) | R5: Day (Full) | S5: Numbers in 2 digits | T5: Numbers in 3 digits
A6: 38036 | B6: 33 | C6: =YEAR(A6) -> 2004 | D6: =DAY(A6) -> 19 | E6: =MONTH(A6) -> 2 | F6: =AND(E6=4, B6>=10) -> FALSE | G6: =OR(E6=4, B6>=10) -> TRUE | H6: =NOT(E6=4) -> TRUE | I6: =TEXT(A6, "yyyy") -> 2004 | J6: =TEXT(A6, "yy") -> 04 | K6: =TEXT(A6, "m") -> 2 | L6: =TEXT(A6, "mm") -> 02 | M6: =TEXT(A6, "mmm") -> Feb | N6: =TEXT(A6, "mmmm") -> February | O6: =TEXT(A6, "d") -> 19 | P6: =TEXT(A6, "dd") -> 19 | Q6: =TEXT(A6, "ddd") -> Thu | R6: =TEXT(A6, "dddd") -> Thursday | S6: =TEXT(B6, "00") -> 33 | T6: =TEXT(B6, "000") -> 033
A7: 39091 | B7: 9 | C7: =YEAR(A7) -> 2007 | D7: =DAY(A7) -> 9 | E7: =MONTH(A7) -> 1 | F7: =AND(E7=4, B7>=10) -> FALSE | G7: =OR(E7=4, B7>=10) -> FALSE | H7: =NOT(E7=4) -> TRUE | I7: =TEXT(A7, "yyyy") -> 2007 | J7: =TEXT(A7, "yy") -> 07 | K7: =TEXT(A7, "m") -> 1 | L7: =TEXT(A7, "mm") -> 01 | M7: =TEXT(A7, "mmm") -> Jan | N7: =TEXT(A7, "mmmm") -> January | O7: =TEXT(A7, "d") -> 9 | P7: =TEXT(A7, "dd") -> 09 | Q7: =TEXT(A7, "ddd") -> Tue | R7: =TEXT(A7, "dddd") -> Tuesday | S7: =TEXT(B7, "00") -> 09 | T7: =TEXT(B7, "000") -> 009
A8: 39558 | B8: 5 | C8: =YEAR(A8) -> 2008 | D8: =DAY(A8) -> 20 | E8: =MONTH(A8) -> 4 | F8: =AND(E8=4, B8>=10) -> FALSE | G8: =OR(E8=4, B8>=10) -> TRUE | H8: =NOT(E8=4) -> FALSE | I8: =TEXT(A8, "yyyy") -> 2008 | J8: =TEXT(A8, "yy") -> 08 | K8: =TEXT(A8, "m") -> 4 | L8: =TEXT(A8, "mm") -> 04 | M8: =TEXT(A8, "mmm") -> Apr | N8: =TEXT(A8, "mmmm") -> April | O8: =TEXT(A8, "d") -> 20 | P8: =TEXT(A8, "dd") -> 20 | Q8: =TEXT(A8, "ddd") -> Sun | R8: =TEXT(A8, "dddd") -> Sunday | S8: =TEXT(B8, "00") -> 05 | T8: =TEXT(B8, "000") -> 005
A9: 40288 | B9: 5 | C9: =YEAR(A9) -> 2010 | D9: =DAY(A9) -> 20 | E9: =MONTH(A9) -> 4 | F9: =AND(E9=4, B9>=10) -> FALSE | G9: =OR(E9=4, B9>=10) -> TRUE | H9: =NOT(E9=4) -> FALSE | I9: =TEXT(A9, "yyyy") -> 2010 | J9: =TEXT(A9, "yy") -> 10 | K9: =TEXT(A9, "m") -> 4 | L9: =TEXT(A9, "mm") -> 04 | M9: =TEXT(A9, "mmm") -> Apr | N9: =TEXT(A9, "mmmm") -> April | O9: =TEXT(A9, "d") -> 20 | P9: =TEXT(A9, "dd") -> 20 | Q9: =TEXT(A9, "ddd") -> Tue | R9: =TEXT(A9, "dddd") -> Tuesday | S9: =TEXT(B9, "00") -> 05 | T9: =TEXT(B9, "000") -> 005
A10: 39924 | B10: 6 | C10: =YEAR(A10) -> 2009 | D10: =DAY(A10) -> 21 | E10: =MONTH(A10) -> 4 | F10: =AND(E10=4, B10>=10) -> FALSE | G10: =OR(E10=4, B10>=10) -> TRUE | H10: =NOT(E10=4) -> FALSE | I10: =TEXT(A10, "yyyy") -> 2009 | J10: =TEXT(A10, "yy") -> 09 | K10: =TEXT(A10, "m") -> 4 | L10: =TEXT(A10, "mm") -> 04 | M10: =TEXT(A10, "mmm") -> Apr | N10: =TEXT(A10, "mmmm") -> April | O10: =TEXT(A10, "d") -> 21 | P10: =TEXT(A10, "dd") -> 21 | Q10: =TEXT(A10, "ddd") -> Tue | R10: =TEXT(A10, "dddd") -> Tuesday | S10: =TEXT(B10, "00") -> 06 | T10: =TEXT(B10, "000") -> 006
A11: 38829 | B11: 9 | C11: =YEAR(A11) -> 2006 | D11: =DAY(A11) -> 22 | E11: =MONTH(A11) -> 4 | F11: =AND(E11=4, B11>=10) -> FALSE | G11: =OR(E11=4, B11>=10) -> TRUE | H11: =NOT(E11=4) -> FALSE | I11: =TEXT(A11, "yyyy") -> 2006 | J11: =TEXT(A11, "yy") -> 06 | K11: =TEXT(A11, "m") -> 4 | L11: =TEXT(A11, "mm") -> 04 | M11: =TEXT(A11, "mmm") -> Apr | N11: =TEXT(A11, "mmmm") -> April | O11: =TEXT(A11, "d") -> 22 | P11: =TEXT(A11, "dd") -> 22 | Q11: =TEXT(A11, "ddd") -> Sat | R11: =TEXT(A11, "dddd") -> Saturday | S11: =TEXT(B11, "00") -> 09 | T11: =TEXT(B11, "000") -> 009
A12: 39561 | B12: 6 | C12: =YEAR(A12) -> 2008 | D12: =DAY(A12) -> 23 | E12: =MONTH(A12) -> 4 | F12: =AND(E12=4, B12>=10) -> FALSE | G12: =OR(E12=4, B12>=10) -> TRUE | H12: =NOT(E12=4) -> FALSE | I12: =TEXT(A12, "yyyy") -> 2008 | J12: =TEXT(A12, "yy") -> 08 | K12: =TEXT(A12, "m") -> 4 | L12: =TEXT(A12, "mm") -> 04 | M12: =TEXT(A12, "mmm") -> Apr | N12: =TEXT(A12, "mmmm") -> April | O12: =TEXT(A12, "d") -> 23 | P12: =TEXT(A12, "dd") -> 23 | Q12: =TEXT(A12, "ddd") -> Wed | R12: =TEXT(A12, "dddd") -> Wednesday | S12: =TEXT(B12, "00") -> 06 | T12: =TEXT(B12, "000") -> 006
A13: 42148 | B13: 3 | C13: =YEAR(A13) -> 2015 | D13: =DAY(A13) -> 24 | E13: =MONTH(A13) -> 5 | F13: =AND(E13=4, B13>=10) -> FALSE | G13: =OR(E13=4, B13>=10) -> FALSE | H13: =NOT(E13=4) -> TRUE | I13: =TEXT(A13, "yyyy") -> 2015 | J13: =TEXT(A13, "yy") -> 15 | K13: =TEXT(A13, "m") -> 5 | L13: =TEXT(A13, "mm") -> 05 | M13: =TEXT(A13, "mmm") -> May | N13: =TEXT(A13, "mmmm") -> May | O13: =TEXT(A13, "d") -> 24 | P13: =TEXT(A13, "dd") -> 24 | Q13: =TEXT(A13, "ddd") -> Sun | R13: =TEXT(A13, "dddd") -> Sunday | S13: =TEXT(B13, "00") -> 03 | T13: =TEXT(B13, "000") -> 003
A14: 39807 | B14: 66 | C14: =YEAR(A14) -> 2008 | D14: =DAY(A14) -> 25 | E14: =MONTH(A14) -> 12 | F14: =AND(E14=4, B14>=10) -> FALSE | G14: =OR(E14=4, B14>=10) -> TRUE | H14: =NOT(E14=4) -> TRUE | I14: =TEXT(A14, "yyyy") -> 2008 | J14: =TEXT(A14, "yy") -> 08 | K14: =TEXT(A14, "m") -> 12 | L14: =TEXT(A14, "mm") -> 12 | M14: =TEXT(A14, "mmm") -> Dec | N14: =TEXT(A14, "mmmm") -> December | O14: =TEXT(A14, "d") -> 25 | P14: =TEXT(A14, "dd") -> 25 | Q14: =TEXT(A14, "ddd") -> Thu | R14: =TEXT(A14, "dddd") -> Thursday | S14: =TEXT(B14, "00") -> 66 | T14: =TEXT(B14, "000") -> 066
A15: 39655 | B15: 7 | C15: =YEAR(A15) -> 2008 | D15: =DAY(A15) -> 26 | E15: =MONTH(A15) -> 7 | F15: =AND(E15=4, B15>=10) -> FALSE | G15: =OR(E15=4, B15>=10) -> FALSE | H15: =NOT(E15=4) -> TRUE | I15: =TEXT(A15, "yyyy") -> 2008 | J15: =TEXT(A15, "yy") -> 08 | K15: =TEXT(A15, "m") -> 7 | L15: =TEXT(A15, "mm") -> 07 | M15: =TEXT(A15, "mmm") -> Jul | N15: =TEXT(A15, "mmmm") -> July | O15: =TEXT(A15, "d") -> 26 | P15: =TEXT(A15, "dd") -> 26 | Q15: =TEXT(A15, "ddd") -> Sat | R15: =TEXT(A15, "dddd") -> Saturday | S15: =TEXT(B15, "00") -> 07 | T15: =TEXT(B15, "000") -> 007
A16: 39564 | B16: 15 | C16: =YEAR(A16) -> 2008 | D16: =DAY(A16) -> 26 | E16: =MONTH(A16) -> 4 | F16: =AND(E16=4, B16>=10) -> TRUE | G16: =OR(E16=4, B16>=10) -> TRUE | H16: =NOT(E16=4) -> FALSE | I16: =TEXT(A16, "yyyy") -> 2008 | J16: =TEXT(A16, "yy") -> 08 | K16: =TEXT(A16, "m") -> 4 | L16: =TEXT(A16, "mm") -> 04 | M16: =TEXT(A16, "mmm") -> Apr | N16: =TEXT(A16, "mmmm") -> April | O16: =TEXT(A16, "d") -> 26 | P16: =TEXT(A16, "dd") -> 26 | Q16: =TEXT(A16, "ddd") -> Sat | R16: =TEXT(A16, "dddd") -> Saturday | S16: =TEXT(B16, "00") -> 15 | T16: =TEXT(B16, "000") -> 015
A17: 39809 | B17: 10 | C17: =YEAR(A17) -> 2008 | D17: =DAY(A17) -> 27 | E17: =MONTH(A17) -> 12 | F17: =AND(E17=4, B17>=10) -> FALSE | G17: =OR(E17=4, B17>=10) -> TRUE | H17: =NOT(E17=4) -> TRUE | I17: =TEXT(A17, "yyyy") -> 2008 | J17: =TEXT(A17, "yy") -> 08 | K17: =TEXT(A17, "m") -> 12 | L17: =TEXT(A17, "mm") -> 12 | M17: =TEXT(A17, "mmm") -> Dec | N17: =TEXT(A17, "mmmm") -> December | O17: =TEXT(A17, "d") -> 27 | P17: =TEXT(A17, "dd") -> 27 | Q17: =TEXT(A17, "ddd") -> Sat | R17: =TEXT(A17, "dddd") -> Saturday | S17: =TEXT(B17, "00") -> 10 | T17: =TEXT(B17, "000") -> 010
... A20: 39507 | B20: 7 | C20: =YEAR(A20) -> 2008 | D20: =DAY(A20) -> 29 | E20: =MONTH(A20) -> 2 | F20: =AND(E20=4, B20>=10) -> FALSE | G20: =OR(E20=4, B20>=10) -> FALSE | H20: =NOT(E20=4) -> TRUE | I20: =TEXT(A20, "yyyy") -> 2008 | J20: =TEXT(A20, "yy") -> 08 | K20: =TEXT(A20, "m") -> 2 | L20: =TEXT(A20, "mm") -> 02 | M20: =TEXT(A20, "mmm") -> Feb | N20: =TEXT(A20, "mmmm") -> February | O20: =TEXT(A20, "d") -> 29 | P20: =TEXT(A20, "dd") -> 29 | Q20: =TEXT(A20, "ddd") -> Fri | R20: =TEXT(A20, "dddd") -> Friday | S20: =TEXT(B20, "00") -> 07 | T20: =TEXT(B20, "000") -> 007
S22: =SUM(S6:S20) -> 0
B23: Input | C23: 33 | E23: Date Function: | S23: =S6+S7 -> 42
B24: Between 30 & 40 | C24: =IF(AND(C23>=30, C23<=40), "Yes", "No") -> Yes | E24: =DATE(2025, 12, 7) -> 45998
B26: Input | C26: Prof | E26: Now Function:
B27: Either Dr or Prof | C27: =IF(OR(C26="Dr", C26="Prof"), "Yes", "No") -> Yes | E27: =NOW() -> 46004.498
B29: Input | C29: 33
B30: Not Between 30 & 40 | C30: =NOT(AND(C29>=30, C29<=40)) -> FALSE | D30: NAND

Sheet Data Validation
C3: Qty: | D3: 4
C4: Amount:
C5: Day: | D5: Mon
C6: Date:
C7: Choose:
B10: Error Handling
C11: Numerator | D11: 5
C12: Denominator | D12: 0
C13: Division (Without Error Handling) | D13: =D11/D12 -> #DIV/0!
C14: Division | D14: =IFERROR(D11/D12, "Can't divide by 0!") -> Can't divide by 0!

Sheet Population
A1: STD Code | B1: City | C1: Population | D1: Avg. Literacy | E1: Male Literacy | F1: Female Literacy
A2: 79 | B2: Ahmedabad | C2: 86 | D2: 68.7 | E2: 64.8 | F2: 75.6
A3: 261 | B3: Surat | C3: 80 | D3: 60.5 | E3: 62 | F3: 61
A4: 2766 | B4: Patan | C4: 13 | D4: 72.3 | E4: 82.9 | F4: 61.05
A5: 281 | B5: Rajkot | C5: 46 | D5: 52.2 | E5: 78.4 | F5: 72
A6: 2744 | B6: Disa | C6: 2 | D6: 68.8 | E6: 55.8 | F6: 65.3
A7: 2742 | B7: Palanpur | C7: 1.5 | D7: 64.9 | E7: 75 | F7: 70

Sheet Per Capita Income
A1: City | B1: Income | C1: Avg. Literacy | D1: Population | E1: Female Literacy | F1: STD Code
A2: Ahmedabad | B2: 2590 | C2: =VLOOKUP($A2, Population!$B$2:$F$7, 3, FALSE) -> 68.7 | D2: =VLOOKUP($A2, Population!$B$2:$F$7, 2, FALSE) -> 86 | E2: =VLOOKUP($A2, Population!$B$2:$F$7, 5, FALSE) -> 75.6 | F2: =INDEX(Population!$A$2:$A$7, G2) -> 79 | G2: =MATCH(A2, Population!$B$2:$B$7, 0) -> 1 | I2: VLOOKUP Exercise
A3: Disa | B3: 3196 | C3: =VLOOKUP($A3, Population!$B$2:$F$7, 3, FALSE) -> 68.8 | D3: =VLOOKUP($A3, Population!$B$2:$F$7, 2, FALSE) -> 2 | E3: =VLOOKUP($A3, Population!$B$2:$F$7, 5, FALSE) -> 65.3 | F3: =INDEX(Population!$A$2:$A$7, G3) -> 2744 | G3: =MATCH(A3, Population!$B$2:$B$7, 0) -> 5
A4: Palanpur | B4: 2400 | C4: =VLOOKUP($A4, Population!$B$2:$F$7, 3, FALSE) -> 64.9 | D4: =VLOOKUP($A4, Population!$B$2:$F$7, 2, FALSE) -> 1.5 | E4: =VLOOKUP($A4, Population!$B$2:$F$7, 5, FALSE) -> 70 | F4: =INDEX(Population!$A$2:$A$7, G4) -> 2742 | G4: =MATCH(A4, Population!$B$2:$B$7, 0) -> 6 | J4: City | K4: Patan
A5: Patan | B5: 2530 | C5: =VLOOKUP($A5, Population!$B$2:$F$7, 3, FALSE) -> 72.3 | D5: =VLOOKUP($A5, Population!$B$2:$F$7, 2, FALSE) -> 13 | E5: =VLOOKUP($A5, Population!$B$2:$F$7, 5, FALSE) -> 61.05 | F5: =INDEX(Population!$A$2:$A$7, G5) -> 2766 | G5: =MATCH(A5, Population!$B$2:$B$7, 0) -> 3 | J5: Income | K5: =IFERROR(VLOOKUP($K$4,$A$2:$E$7,2,FALSE),"City is not selected…") -> 2530
A6: Rajkot | B6: 2900 | C6: =VLOOKUP($A6, Population!$B$2:$F$7, 3, FALSE) -> 52.2 | D6: =VLOOKUP($A6, Population!$B$2:$F$7, 2, FALSE) -> 46 | E6: =VLOOKUP($A6, Population!$B$2:$F$7, 5, FALSE) -> 72 | F6: =INDEX(Population!$A$2:$A$7, G6) -> 281 | G6: =MATCH(A6, Population!$B$2:$B$7, 0) -> 4 | J6: Avg.Literacy | K6: =IFERROR(VLOOKUP($K$4,$A$2:$E$7,3,FALSE),"City is not selected…") -> 72.3
A7: Surat | B7: 2850 | C7: =VLOOKUP($A7, Population!$B$2:$F$7, 3, FALSE) -> 60.5 | D7: =VLOOKUP($A7, Population!$B$2:$F$7, 2, FALSE) -> 80 | E7: =VLOOKUP($A7, Population!$B$2:$F$7, 5, FALSE) -> 61 | F7: =INDEX(Population!$A$2:$A$7, G7) -> 261 | G7: =MATCH(A7, Population!$B$2:$B$7, 0) -> 2 | J7: Population | K7: =IFERROR(VLOOKUP($K$4,$A$2:$E$7,4,FALSE),"City is not selected…") -> 13
J8: Female Literacy | K8: =IFERROR(VLOOKUP($K$4,$A$2:$E$7,5,FALSE),"City is not selected…") -> 61.05
A11: Match Function | E11: Index Function
A12: =MATCH("Patan", A1:A7, 0) -> 5 | B12: City | C12: Rajkot | E12: =INDEX(A1:A7, 4) -> Palanpur | F12: Row Number | G12: 2
B13: Row Number | C13: =MATCH(C12, A2:A7, 0) -> 5 | F13: City | G13: =IFERROR(INDEX(A2:A7, G12), "Please Enter Row Number") -> Disa
A15: =MATCH("Population", A1:F1, 0) -> 4 | B15: Parameter | C15: Avg. Literacy | F15: Column No | G15: 6
B16: Col Number | C16: =IFERROR(MATCH(C15, A1:F1, 0), "Please select parameter") -> 3 | F16: Parameter | G16: =INDEX(A1:F1, 1, G15) -> STD Code
B18: =MATCH(2400, A2:E7, 0) -> #N/A | F18: Row No. | G18: 3
B19: Match does not support 2D array | F19: Col No. | G19: 1
F20: Answer: | G20: =INDEX(A1:E7, G18, G19) -> Disa
B25: Enter City Name | C25: Disa | F25: Row no of City | G25: =MATCH(C25, A2:A7, 0) -> 2
B26: Parameter | C26: Female Literacy | F26: Col no of Parameter | G26: =MATCH(C26, B1:E1, 0) -> 4
B27: Value | C27: =INDEX(B2:E7, G25, G26) -> 65.3
B28: Direct Value | C28: =INDEX(B2:F7, MATCH(C25, A2:A7, 0), MATCH(C26, B1:F1, 0)) -> 65.3
B29: Using VLOOKUP & Match | C29: =VLOOKUP(C25, A2:F7, MATCH(C26, A1:F1, 0), FALSE) -> 65.3

Sheet HLookup & Transpose
O2: Transpose
B3: Name | C3: SR Tendulkar | D3: V Sehwag | E3: V Kohli | H3: Name | I3: Matches | J3: 100's | K3: 50's | L3: 6's | M3: 4's | O3: Name | P3: SR Tendulkar | Q3: V Sehwag | R3: V Kohli
B4: Matches | C4: 200 | D4: 97 | E4: 98 | H4: SR Tendulkar | I4: 200 | J4: 20 | K4: 32 | L4: 100 | M4: 125 | O4: Matches | P4: 200 | Q4: 97 | R4: 98
B5: 100's | C5: 20 | D5: 22 | E5: 21 | H5: V Sehwag | I5: 97 | J5: 22 | K5: 35 | L5: 25 | M5: 20 | O5: 100's | P5: 20 | Q5: 22 | R5: 21
B6: 50's | C6: 32 | D6: 35 | E6: 25 | H6: V Kohli | I6: 98 | J6: 21 | K6: 25 | L6: 54 | M6: 14 | O6: 50's | P6: 32 | Q6: 35 | R6: 25
B7: 6's | C7: 100 | D7: 25 | E7: 54 | O7: 6's | P7: 100 | Q7: 25 | R7: 54
B8: 4s | C8: 125 | D8: 20 | E8: 14 | O8: 4's | P8: 125 | Q8: 20 | R8: 14
H9: Name | I9: Matches | J9: 100's | K9: 50's | L9: 6's | M9: 4's
H10: SR Tendulkar
B11: Batsman | C11: SR Tendulkar | H11: V Sehwag
B12: Parameter | C12: 6's | E12: Row No: | F12: =MATCH(C12, Table_57[[#All],[Name]], 0) -> 5 | H12: V Kohli
B13: Value | C13: =HLOOKUP(C11, Table_57[[#All],[SR Tendulkar]:[V Kohli]], F12, FALSE) -> 100
B14: Direct | C14: =HLOOKUP(C11, Table_57[[#All],[SR Tendulkar]:[V Kohli]], MATCH(C12, Table_57[[#All],[Name]], 0), FALSE) -> 100 | H14: Transpose is not possible with Table!
